{"cameraMode":{"drawMode":0,"name":"Shaded","section":"Shading Mode"},"sceneLighting":true,"audioPlay":false,"sceneViewState":{"showFog":true,"showMaterialUpdate":false,"showSkybox":true,"showFlares":true,"showImageEffects":true,"showParticleSystems":true},"in2DMode":false,"pivot":{"x":6.03000020980835,"y":0.9500007629394531,"z":53.93000030517578},"rotation":{"x":-0.14343425631523133,"y":-0.2099783718585968,"z":0.03116069920361042,"w":-0.9666389226913452},"size":37.121116638183597,"orthographic":false}